PhysicalPageAddress,LogicalPageAddress,Data
0,144,144,243
1,145,145,243
2,146,146,243
3,147,147,243
4,148,148,243
5,149,149,243
6,150,150,243
7,151,151,243
8,152,152,243
9,153,153,243
10,154,154,243
11,155,155,243
12,156,156,243
13,157,157,243
14,158,158,243
15,159,159,243
16,160,160,243
17,161,161,243
18,162,162,243
19,163,163,243
20,164,164,243
21,165,165,243
22,166,166,243
23,167,167,243
24,168,168,243
25,169,169,243
26,170,170,243
27,171,171,243
28,172,172,243
29,173,173,243
30,174,174,243
31,175,175,243
32,176,176,243
33,177,177,243
34,178,178,243
35,179,179,243
36,0,0,126
37,1,1,126
38,2,2,126
39,3,3,126
40,4,4,126
41,5,5,126
42,6,6,126
43,7,7,126
44,8,8,126
45,9,9,126
46,10,10,126
47,11,11,126
48,12,12,126
49,13,13,126
50,14,14,126
51,15,15,126
52,16,16,126
53,17,17,126
54,18,18,126
55,19,19,126
56,20,20,126
57,21,21,126
58,22,22,126
59,23,23,126
60,24,24,126
61,25,25,126
62,26,26,126
63,27,27,126
64,28,28,126
65,29,29,126
66,30,30,126
67,31,31,126
68,32,32,126
69,33,33,126
70,34,34,126
71,35,35,126
72,108,108,124
73,109,109,124
74,110,110,124
75,111,111,124
76,112,112,124
77,113,113,124
78,114,114,124
79,115,115,124
80,116,116,124
81,117,117,124
82,118,118,124
83,119,119,124
84,120,120,124
85,121,121,124
86,122,122,124
87,123,123,124
88,124,124,124
89,125,125,124
90,126,126,124
91,127,127,124
92,128,128,124
93,129,129,124
94,130,130,124
95,131,131,124
96,132,132,124
97,133,133,124
98,134,134,124
99,135,135,124
100,136,136,124
101,137,137,124
102,138,138,124
103,139,139,124
104,140,140,124
105,141,141,124
106,142,142,124
107,143,143,124
108,108,108,123
109,109,109,123
110,110,110,123
111,111,111,123
112,112,112,123
113,113,113,123
114,114,114,123
115,115,115,123
116,116,116,123
117,117,117,123
118,118,118,123
119,119,119,123
120,120,120,123
121,121,121,123
122,122,122,123
123,123,123,123
124,124,124,123
125,125,125,123
126,126,126,123
127,127,127,123
128,128,128,123
129,129,129,123
130,130,130,123
131,131,131,123
132,132,132,123
133,133,133,123
134,134,134,123
135,135,135,123
136,136,136,123
137,137,137,123
138,138,138,123
139,139,139,123
140,140,140,123
141,141,141,123
142,142,142,123
143,143,143,123
144,36,36,123
145,37,37,123
146,38,38,123
147,39,39,123
148,40,40,123
149,41,41,123
150,42,42,123
151,43,43,123
152,44,44,123
153,45,45,123
154,46,46,123
155,47,47,123
156,48,48,123
157,49,49,123
158,50,50,123
159,51,51,123
160,52,52,123
161,53,53,123
162,54,54,123
163,55,55,123
164,56,56,123
165,57,57,123
166,58,58,123
167,59,59,123
168,60,60,123
169,61,61,123
170,62,62,123
171,63,63,123
172,64,64,123
173,65,65,123
174,66,66,123
175,67,67,123
176,68,68,123
177,69,69,123
178,70,70,123
179,71,71,123
180,144,144,251
181,145,145,251
182,146,146,251
183,147,147,251
184,148,148,251
185,149,149,251
186,150,150,251
187,151,151,251
188,152,152,251
189,153,153,251
190,154,154,251
191,155,155,251
192,156,156,251
193,157,157,251
194,158,158,251
195,159,159,251
196,160,160,251
197,161,161,251
198,162,162,251
199,163,163,251
200,164,164,251
201,165,165,251
202,166,166,251
203,167,167,251
204,168,168,251
205,169,169,251
206,170,170,251
207,171,171,251
208,172,172,251
209,173,173,251
210,174,174,251
211,175,175,251
212,176,176,251
213,177,177,251
214,178,178,251
215,179,179,251
216,72,72,250
217,73,73,250
218,74,74,250
219,75,75,250
220,76,76,250
221,77,77,250
222,78,78,250
223,79,79,250
224,80,80,250
225,81,81,250
226,82,82,250
227,83,83,250
228,84,84,250
229,85,85,250
230,86,86,250
231,87,87,250
232,88,88,250
233,89,89,250
234,90,90,250
235,91,91,250
236,92,92,250
237,93,93,250
238,94,94,250
239,95,95,250
240,96,96,250
241,97,97,250
242,98,98,250
243,99,99,250
244,100,100,250
245,101,101,250
246,102,102,250
247,103,103,250
248,104,104,250
249,105,105,250
250,106,106,250
251,107,107,250
